"filename", "language", "YAML", "Markdown", "Excel", "XML", "SQL", "JSON", "ObjectScript Class", "Properties", "Docker", "Ignore", "comment", "blank", "total"
"d:\projetos\isc\json2hl7\.dockerignore", "Ignore", 0, 0, 0, 0, 0, 0, 0, 0, 0, 2, 0, 0, 2
"d:\projetos\isc\json2hl7\.github\workflows\objectscript-quality.yml", "YAML", 9, 0, 0, 0, 0, 0, 0, 0, 0, 0, 0, 4, 13
"d:\projetos\isc\json2hl7\2022-06-14_14.39.28.733.xml", "XML", 0, 0, 0, 32, 0, 0, 0, 0, 0, 0, 1, 0, 33
"d:\projetos\isc\json2hl7\84651B26-E8BC-11EC-A144-42010A991602.json", "JSON", 0, 0, 0, 0, 0, 1, 0, 0, 0, 0, 0, 0, 1
"d:\projetos\isc\json2hl7\Dockerfile", "Docker", 0, 0, 0, 0, 0, 0, 0, 0, 23, 0, 0, 7, 30
"d:\projetos\isc\json2hl7\IRISAPP.session.sql", "SQL", 0, 0, 0, 0, 1, 0, 0, 0, 0, 0, 0, 0, 1
"d:\projetos\isc\json2hl7\Installer.cls", "ObjectScript Class", 0, 0, 0, 0, 0, 0, 23, 0, 0, 0, 0, 7, 30
"d:\projetos\isc\json2hl7\README.md", "Markdown", 0, 40, 0, 0, 0, 0, 0, 0, 0, 0, 0, 21, 61
"d:\projetos\isc\json2hl7\dev.md", "Markdown", 0, 45, 0, 0, 0, 0, 0, 0, 0, 0, 0, 11, 56
"d:\projetos\isc\json2hl7\docker-compose.yml", "YAML", 16, 0, 0, 0, 0, 0, 0, 0, 0, 0, 0, 0, 16
"d:\projetos\isc\json2hl7\hcd.properties", "Properties", 0, 0, 0, 0, 0, 0, 0, 1, 0, 0, 0, 0, 1
"d:\projetos\isc\json2hl7\json\SDA3_schema.xsd", "XML", 0, 0, 0, 31850, 0, 0, 0, 0, 0, 0, 0, 0, 31850
"d:\projetos\isc\json2hl7\module.xml", "XML", 0, 0, 0, 24, 0, 0, 0, 0, 0, 0, 0, 1, 25
"d:\projetos\isc\json2hl7\pacientes.xlsx", "Excel", 0, 0, 63, 0, 0, 0, 0, 0, 0, 0, 0, 1, 64
"d:\projetos\isc\json2hl7\src\hcd\api\HCDRESTApp.cls", "ObjectScript Class", 0, 0, 0, 0, 0, 0, 142, 0, 0, 0, 0, 31, 173
"d:\projetos\isc\json2hl7\src\hcd\jsonadms4sp\JSONAdmFileService.cls", "ObjectScript Class", 0, 0, 0, 0, 0, 0, 42, 0, 0, 0, 0, 16, 58
"d:\projetos\isc\json2hl7\src\hcd\jsonadms4sp\JSONAdmReq.cls", "ObjectScript Class", 0, 0, 0, 0, 0, 0, 106, 0, 0, 0, 0, 41, 147
"d:\projetos\isc\json2hl7\src\hcd\jsonadms4sp\JSONAdmToHL7DTL.cls", "ObjectScript Class", 0, 0, 0, 0, 0, 0, 30, 0, 0, 0, 0, 6, 36
"d:\projetos\isc\json2hl7\src\hcd\jsonadms4sp\JSONAdmToHL7Router.cls", "ObjectScript Class", 0, 0, 0, 0, 0, 0, 20, 0, 0, 0, 0, 4, 24
"d:\projetos\isc\json2hl7\src\hcd\jsonadms4sp\JSONAdmToSDADTL.cls", "ObjectScript Class", 0, 0, 0, 0, 0, 0, 43, 0, 0, 0, 0, 6, 49
"d:\projetos\isc\json2hl7\src\hcd\jsonadms4sp\JSONAdmToSDARouter.cls", "ObjectScript Class", 0, 0, 0, 0, 0, 0, 20, 0, 0, 0, 0, 4, 24
"d:\projetos\isc\json2hl7\src\hcd\jsonagendas4sp\JSONAgendaFileService.cls", "ObjectScript Class", 0, 0, 0, 0, 0, 0, 67, 0, 0, 0, 0, 16, 83
"d:\projetos\isc\json2hl7\src\hcd\jsonagendas4sp\JSONAgendaReq.cls", "ObjectScript Class", 0, 0, 0, 0, 0, 0, 241, 0, 0, 0, 0, 95, 336
"d:\projetos\isc\json2hl7\src\hcd\jsonagendas4sp\JSONAgendaToSDADTL.cls", "ObjectScript Class", 0, 0, 0, 0, 0, 0, 24, 0, 0, 0, 0, 6, 30
"d:\projetos\isc\json2hl7\src\hcd\jsonagendas4sp\JSONAgendaToSDARouter.cls", "ObjectScript Class", 0, 0, 0, 0, 0, 0, 20, 0, 0, 0, 0, 4, 24
"d:\projetos\isc\json2hl7\src\hcd\jsonalergias4sp\JSONAlergiaFileService.cls", "ObjectScript Class", 0, 0, 0, 0, 0, 0, 34, 0, 0, 0, 0, 19, 53
"d:\projetos\isc\json2hl7\src\hcd\jsonalergias4sp\JSONAlergiaReq.cls", "ObjectScript Class", 0, 0, 0, 0, 0, 0, 66, 0, 0, 0, 0, 25, 91
"d:\projetos\isc\json2hl7\src\hcd\jsonalergias4sp\JSONAlergiaToSDADTL.cls", "ObjectScript Class", 0, 0, 0, 0, 0, 0, 25, 0, 0, 0, 0, 6, 31
"d:\projetos\isc\json2hl7\src\hcd\jsonalergias4sp\JSONAlergiaToSDARouter.cls", "ObjectScript Class", 0, 0, 0, 0, 0, 0, 20, 0, 0, 0, 0, 4, 24
"d:\projetos\isc\json2hl7\src\hcd\jsoncoms4sp\JSONComFileService.cls", "ObjectScript Class", 0, 0, 0, 0, 0, 0, 38, 0, 0, 0, 0, 20, 58
"d:\projetos\isc\json2hl7\src\hcd\jsoncoms4sp\JSONComReq.cls", "ObjectScript Class", 0, 0, 0, 0, 0, 0, 66, 0, 0, 0, 0, 25, 91
"d:\projetos\isc\json2hl7\src\hcd\jsoncoms4sp\JSONComToHL7DTL.cls", "ObjectScript Class", 0, 0, 0, 0, 0, 0, 27, 0, 0, 0, 0, 6, 33
"d:\projetos\isc\json2hl7\src\hcd\jsoncoms4sp\JSONComToHL7Router.cls", "ObjectScript Class", 0, 0, 0, 0, 0, 0, 20, 0, 0, 0, 0, 4, 24
"d:\projetos\isc\json2hl7\src\hcd\jsoncoms4sp\JSONComToSDADTL.cls", "ObjectScript Class", 0, 0, 0, 0, 0, 0, 29, 0, 0, 0, 0, 6, 35
"d:\projetos\isc\json2hl7\src\hcd\jsoncoms4sp\JSONComToSDARouter.cls", "ObjectScript Class", 0, 0, 0, 0, 0, 0, 20, 0, 0, 0, 0, 4, 24
"d:\projetos\isc\json2hl7\src\hcd\jsondiags4sp\JSONDiagFileService.cls", "ObjectScript Class", 0, 0, 0, 0, 0, 0, 39, 0, 0, 0, 0, 19, 58
"d:\projetos\isc\json2hl7\src\hcd\jsondiags4sp\JSONDiagReq.cls", "ObjectScript Class", 0, 0, 0, 0, 0, 0, 71, 0, 0, 0, 0, 27, 98
"d:\projetos\isc\json2hl7\src\hcd\jsondiags4sp\JSONDiagToHL7DTL.cls", "ObjectScript Class", 0, 0, 0, 0, 0, 0, 33, 0, 0, 0, 0, 6, 39
"d:\projetos\isc\json2hl7\src\hcd\jsondiags4sp\JSONDiagToHL7Router.cls", "ObjectScript Class", 0, 0, 0, 0, 0, 0, 20, 0, 0, 0, 0, 4, 24
"d:\projetos\isc\json2hl7\src\hcd\jsondiags4sp\JSONDiagToSDADTL.cls", "ObjectScript Class", 0, 0, 0, 0, 0, 0, 24, 0, 0, 0, 0, 6, 30
"d:\projetos\isc\json2hl7\src\hcd\jsondiags4sp\JSONDiagToSDARouter.cls", "ObjectScript Class", 0, 0, 0, 0, 0, 0, 20, 0, 0, 0, 0, 4, 24
"d:\projetos\isc\json2hl7\src\hcd\jsondocs4sp\JSONDocFileService.cls", "ObjectScript Class", 0, 0, 0, 0, 0, 0, 40, 0, 0, 0, 0, 20, 60
"d:\projetos\isc\json2hl7\src\hcd\jsondocs4sp\JSONDocReq.cls", "ObjectScript Class", 0, 0, 0, 0, 0, 0, 76, 0, 0, 0, 0, 29, 105
"d:\projetos\isc\json2hl7\src\hcd\jsondocs4sp\JSONDocToHL7DTL.cls", "ObjectScript Class", 0, 0, 0, 0, 0, 0, 29, 0, 0, 0, 0, 6, 35
"d:\projetos\isc\json2hl7\src\hcd\jsondocs4sp\JSONDocToHL7Router.cls", "ObjectScript Class", 0, 0, 0, 0, 0, 0, 20, 0, 0, 0, 0, 4, 24
"d:\projetos\isc\json2hl7\src\hcd\jsondocs4sp\JSONDocToSDADTL.cls", "ObjectScript Class", 0, 0, 0, 0, 0, 0, 46, 0, 0, 0, 0, 6, 52
"d:\projetos\isc\json2hl7\src\hcd\jsondocs4sp\JSONDocToSDARouter.cls", "ObjectScript Class", 0, 0, 0, 0, 0, 0, 20, 0, 0, 0, 0, 4, 24
"d:\projetos\isc\json2hl7\src\hcd\jsonfamiliars4sp\JSONFamiliarFileService.cls", "ObjectScript Class", 0, 0, 0, 0, 0, 0, 44, 0, 0, 0, 0, 19, 63
"d:\projetos\isc\json2hl7\src\hcd\jsonfamiliars4sp\JSONFamiliarReq.cls", "ObjectScript Class", 0, 0, 0, 0, 0, 0, 116, 0, 0, 0, 0, 45, 161
"d:\projetos\isc\json2hl7\src\hcd\jsonfamiliars4sp\JSONFamiliarToSDADTL.cls", "ObjectScript Class", 0, 0, 0, 0, 0, 0, 36, 0, 0, 0, 0, 6, 42
"d:\projetos\isc\json2hl7\src\hcd\jsonfamiliars4sp\JSONFamiliarToSDARouter.cls", "ObjectScript Class", 0, 0, 0, 0, 0, 0, 20, 0, 0, 0, 0, 4, 24
"d:\projetos\isc\json2hl7\src\hcd\jsonfisicos4sp\IndicadorFisico.cls", "ObjectScript Class", 0, 0, 0, 0, 0, 0, 23, 0, 0, 0, 0, 6, 29
"d:\projetos\isc\json2hl7\src\hcd\jsonfisicos4sp\JSONFisicoFileService.cls", "ObjectScript Class", 0, 0, 0, 0, 0, 0, 111, 0, 0, 0, 0, 42, 153
"d:\projetos\isc\json2hl7\src\hcd\jsonfisicos4sp\JSONFisicoReq.cls", "ObjectScript Class", 0, 0, 0, 0, 0, 0, 71, 0, 0, 0, 0, 27, 98
"d:\projetos\isc\json2hl7\src\hcd\jsonfisicos4sp\JSONFisicoToSDADTL.cls", "ObjectScript Class", 0, 0, 0, 0, 0, 0, 25, 0, 0, 0, 0, 6, 31
"d:\projetos\isc\json2hl7\src\hcd\jsonfisicos4sp\JSONFisicoToSDARouter.cls", "ObjectScript Class", 0, 0, 0, 0, 0, 0, 20, 0, 0, 0, 0, 4, 24
"d:\projetos\isc\json2hl7\src\hcd\jsonmedidacorpos4sp\JSONMedidaCorpoFileService.cls", "ObjectScript Class", 0, 0, 0, 0, 0, 0, 111, 0, 0, 0, 0, 42, 153
"d:\projetos\isc\json2hl7\src\hcd\jsonmedidacorpos4sp\JSONMedidaCorpoReq.cls", "ObjectScript Class", 0, 0, 0, 0, 0, 0, 71, 0, 0, 0, 0, 27, 98
"d:\projetos\isc\json2hl7\src\hcd\jsonmedidacorpos4sp\JSONMedidaCorpoToSDADTL.cls", "ObjectScript Class", 0, 0, 0, 0, 0, 0, 25, 0, 0, 0, 0, 6, 31
"d:\projetos\isc\json2hl7\src\hcd\jsonmedidacorpos4sp\JSONMedidaCorpoToSDARouter.cls", "ObjectScript Class", 0, 0, 0, 0, 0, 0, 20, 0, 0, 0, 0, 4, 24
"d:\projetos\isc\json2hl7\src\hcd\jsonmedidacorpos4sp\MedidaCorpo.cls", "ObjectScript Class", 0, 0, 0, 0, 0, 0, 23, 0, 0, 0, 0, 6, 29
"d:\projetos\isc\json2hl7\src\hcd\jsonpacs4sp\JSONPacFileService.cls", "ObjectScript Class", 0, 0, 0, 0, 0, 0, 85, 0, 0, 0, 0, 18, 103
"d:\projetos\isc\json2hl7\src\hcd\jsonpacs4sp\JSONPacReq.cls", "ObjectScript Class", 0, 0, 0, 0, 0, 0, 301, 0, 0, 0, 0, 119, 420
"d:\projetos\isc\json2hl7\src\hcd\jsonpacs4sp\JSONPacToHL7DTL.cls", "ObjectScript Class", 0, 0, 0, 0, 0, 0, 47, 0, 0, 0, 0, 6, 53
"d:\projetos\isc\json2hl7\src\hcd\jsonpacs4sp\JSONPacToHL7Router.cls", "ObjectScript Class", 0, 0, 0, 0, 0, 0, 20, 0, 0, 0, 0, 4, 24
"d:\projetos\isc\json2hl7\src\hcd\jsonpacs4sp\JSONPacToSDADTL.cls", "ObjectScript Class", 0, 0, 0, 0, 0, 0, 72, 0, 0, 0, 0, 6, 78
"d:\projetos\isc\json2hl7\src\hcd\jsonpacs4sp\JSONPacToSDARouter.cls", "ObjectScript Class", 0, 0, 0, 0, 0, 0, 20, 0, 0, 0, 0, 4, 24
"d:\projetos\isc\json2hl7\src\hcd\jsonprocs4sp\JSONProcFileService.cls", "ObjectScript Class", 0, 0, 0, 0, 0, 0, 84, 0, 0, 0, 0, 40, 124
"d:\projetos\isc\json2hl7\src\hcd\jsonprocs4sp\JSONProcReq.cls", "ObjectScript Class", 0, 0, 0, 0, 0, 0, 191, 0, 0, 0, 0, 75, 266
"d:\projetos\isc\json2hl7\src\hcd\jsonprocs4sp\JSONProcToSDADTL.cls", "ObjectScript Class", 0, 0, 0, 0, 0, 0, 42, 0, 0, 0, 0, 6, 48
"d:\projetos\isc\json2hl7\src\hcd\jsonprocs4sp\JSONProcToSDARouter.cls", "ObjectScript Class", 0, 0, 0, 0, 0, 0, 20, 0, 0, 0, 0, 4, 24
"d:\projetos\isc\json2hl7\src\hcd\jsons4sp\JSONS4SPProd.cls", "ObjectScript Class", 0, 0, 0, 0, 0, 0, 165, 0, 0, 0, 0, 3, 168
"d:\projetos\isc\json2hl7\src\hcd\jsons4sp\Teste.cls", "ObjectScript Class", 0, 0, 0, 0, 0, 0, 193, 0, 0, 0, 0, 61, 254
"d:\projetos\isc\json2hl7\src\hcd\jsonvacinas4sp\JSONVacinaFileService.cls", "ObjectScript Class", 0, 0, 0, 0, 0, 0, 33, 0, 0, 0, 0, 19, 52
"d:\projetos\isc\json2hl7\src\hcd\jsonvacinas4sp\JSONVacinaReq.cls", "ObjectScript Class", 0, 0, 0, 0, 0, 0, 61, 0, 0, 0, 0, 23, 84
"d:\projetos\isc\json2hl7\src\hcd\jsonvacinas4sp\JSONVacinaToSDADTL.cls", "ObjectScript Class", 0, 0, 0, 0, 0, 0, 24, 0, 0, 0, 0, 6, 30
"d:\projetos\isc\json2hl7\src\hcd\jsonvacinas4sp\JSONVacinaToSDARouter.cls", "ObjectScript Class", 0, 0, 0, 0, 0, 0, 20, 0, 0, 0, 0, 4, 24
"d:\projetos\isc\json2hl7\src\hcd\util\DateUtils.cls", "ObjectScript Class", 0, 0, 0, 0, 0, 0, 11, 0, 0, 0, 0, 3, 14
"d:\projetos\isc\json2hl7\src\hcd\util\EnvUtil.cls", "ObjectScript Class", 0, 0, 0, 0, 0, 0, 16, 0, 0, 0, 0, 8, 24
"d:\projetos\isc\json2hl7\teste.json", "JSON", 0, 0, 0, 0, 0, 1, 0, 0, 0, 0, 0, 0, 1
"d:\projetos\isc\json2hl7\~$pacientes.xlsx", "Excel", 0, 0, 1, 0, 0, 0, 0, 0, 0, 0, 0, 0, 1
"Total", "-", 25, 85, 64, 31906, 1, 2, 3682, 1, 23, 2, 1, 1188, 36980